Workbook

Sheet Raw_Data
A1: Request_ID | B1: Employee_ID | C1: Employee_Name | D1: Department | E1: Manager | F1: Leave_Type | G1: Start_Date | H1: End_Date | I1: Requested_Days | J1: Reason | K1: Status | L1: Submitted_Date
A2: LR001 | B2: E001 | C2: Sarah Jenkins | D2: IT | E2: Marcus Vance | F2: Annual Leave | G2: 46293 | H2: 46295 | I2: 3 | J2: Family vacation | K2: Pending | L2: 46285
A3: LR002 | B3: E005 | C3: Alex Morgan | D3: IT | E3: Marcus Vance | F3: Annual Leave | G3: 46300 | H3: 46302 | I3: 3 | J3: Personal travel | K3: Approved | L3: 46283
A4: LR003 | B4: E006 | C4: James Wilson | D4: Finance | E4: Daniel Kim | F4: Sick Leave | G4: 46280 | H4: 46281 | I4: 2 | J4: Medical treatment | K4: Approved | L4: 46279
A5: LR004 | B5: E007 | C5: Olivia Brown | D5: Finance | E5: Daniel Kim | F5: Casual Leave | G5: 46287 | H5: 46287 | I5: 1 | J5: Personal matter | K5: Rejected | L5: 46283
A6: LR005 | B6: E001 | C6: Sarah Jenkins | D6: IT | E6: Marcus Vance | F6: Sick Leave | G6: 46244 | H6: 46245 | I6: 2 | J6: Fever and rest | K6: Approved | L6: 46243
A7: LR006 | B7: E005 | C7: Alex Morgan | D7: IT | E7: Marcus Vance | F7: Casual Leave | G7: 46254 | H7: 46254 | I7: 1 | J7: Personal work | K7: Approved | L7: 46252
A8: LR007 | B8: E006 | C8: James Wilson | D8: Finance | E8: Daniel Kim | F8: Annual Leave | G8: 46328 | H8: 46331 | I8: 4 | J8: Family trip | K8: Pending | L8: 46315
A9: LR008 | B9: E007 | C9: Olivia Brown | D9: Finance | E9: Daniel Kim | F9: Annual Leave | G9: 46213 | H9: 46215 | I9: 3 | J9: Holiday | K9: Approved | L9: 46204
A10: LR009 | B10: E002 | C10: Marcus Vance | D10: IT | E10: None | F10: Annual Leave | G10: 46188 | H10: 46192 | I10: 5 | J10: Personal vacation | K10: Approved | L10: 46174
A11: LR010 | B11: E008 | C11: Daniel Kim | D11: Finance | E11: None | F11: Sick Leave | G11: 46153 | H11: 46154 | I11: 2 | J11: Medical rest | K11: Approved | L11: 46151
A12: LR011 | B12: E004 | C12: David Sterling | D12: HR | E12: Elena Rostova | F12: Annual Leave | G12: 46237 | H12: 46239 | I12: 3 | J12: Family event | K12: Approved | L12: 46228
A13: LR012 | B13: E003 | C13: Elena Rostova | D13: HR | E13: None | F13: Casual Leave | G13: 46275 | H13: 46275 | I13: 1 | J13: Personal work | K13: Approved | L13: 46270
... A16: LR015 | B16: E006 | C16: James Wilson | D16: Finance | E16: Daniel Kim | F16: Casual Leave | G16: 46307 | H16: 46307 | I16: 1 | J16: Personal matter | K16: Rejected | L16: 46300

Sheet Cleaned_Data
A1: Request_ID | B1: Employee_ID | C1: Employee_Name | D1: Department | E1: Manager | F1: Leave_Type | G1: Start_Date | H1: End_Date | I1: Requested_Days | J1: Reason | K1: Status | L1: Submitted_Date | M1: Duplicate_Check | N1: Data_Check | O1: Days_Check | P1: Month
A2: LR001 | B2: E001 | C2: Sarah Jenkins | D2: IT | E2: Marcus Vance | F2: Annual Leave | G2: 46293 | H2: 46295 | I2: 3 | J2: Family vacation | K2: Pending | L2: 46285 | M2: FALSE | N2: OK | O2: OK | P2: =TEXT(G2, "mmm") -> Sep
A3: LR002 | B3: E005 | C3: Alex Morgan | D3: IT | E3: Marcus Vance | F3: Annual Leave | G3: 46300 | H3: 46302 | I3: 3 | J3: Personal travel | K3: Approved | L3: 46283 | M3: FALSE | N3: OK | O3: OK | P3: =TEXT(G3, "mmm") -> Oct
A4: LR003 | B4: E006 | C4: James Wilson | D4: Finance | E4: Daniel Kim | F4: Sick Leave | G4: 46280 | H4: 46281 | I4: 2 | J4: Medical treatment | K4: Approved | L4: 46279 | M4: FALSE | N4: OK | O4: OK | P4: =TEXT(G4, "mmm") -> Sep
A5: LR004 | B5: E007 | C5: Olivia Brown | D5: Finance | E5: Daniel Kim | F5: Casual Leave | G5: 46287 | H5: 46287 | I5: 1 | J5: Personal matter | K5: Rejected | L5: 46283 | M5: FALSE | N5: OK | O5: OK | P5: =TEXT(G5, "mmm") -> Sep
A6: LR005 | B6: E001 | C6: Sarah Jenkins | D6: IT | E6: Marcus Vance | F6: Sick Leave | G6: 46244 | H6: 46245 | I6: 2 | J6: Fever and rest | K6: Approved | L6: 46243 | M6: FALSE | N6: OK | O6: OK | P6: =TEXT(G6, "mmm") -> Aug
A7: LR006 | B7: E005 | C7: Alex Morgan | D7: IT | E7: Marcus Vance | F7: Casual Leave | G7: 46254 | H7: 46254 | I7: 1 | J7: Personal work | K7: Approved | L7: 46252 | M7: FALSE | N7: OK | O7: OK | P7: =TEXT(G7, "mmm") -> Aug
A8: LR007 | B8: E006 | C8: James Wilson | D8: Finance | E8: Daniel Kim | F8: Annual Leave | G8: 46328 | H8: 46331 | I8: 4 | J8: Family trip | K8: Pending | L8: 46315 | M8: FALSE | N8: OK | O8: OK | P8: =TEXT(G8, "mmm") -> Nov
A9: LR008 | B9: E007 | C9: Olivia Brown | D9: Finance | E9: Daniel Kim | F9: Annual Leave | G9: 46213 | H9: 46215 | I9: 3 | J9: Holiday | K9: Approved | L9: 46204 | M9: FALSE | N9: OK | O9: OK | P9: =TEXT(G9, "mmm") -> Jul
A10: LR009 | B10: E002 | C10: Marcus Vance | D10: IT | E10: None | F10: Annual Leave | G10: 46188 | H10: 46192 | I10: 5 | J10: Personal vacation | K10: Approved | L10: 46174 | M10: FALSE | N10: OK | O10: OK | P10: =TEXT(G10, "mmm") -> Jun
A11: LR010 | B11: E008 | C11: Daniel Kim | D11: Finance | E11: None | F11: Sick Leave | G11: 46153 | H11: 46154 | I11: 2 | J11: Medical rest | K11: Approved | L11: 46151 | M11: FALSE | N11: OK | O11: OK | P11: =TEXT(G11, "mmm") -> May
A12: LR011 | B12: E004 | C12: David Sterling | D12: HR | E12: Elena Rostova | F12: Annual Leave | G12: 46237 | H12: 46239 | I12: 3 | J12: Family event | K12: Approved | L12: 46228 | M12: FALSE | N12: OK | O12: OK | P12: =TEXT(G12, "mmm") -> Aug
A13: LR012 | B13: E003 | C13: Elena Rostova | D13: HR | E13: None | F13: Casual Leave | G13: 46275 | H13: 46275 | I13: 1 | J13: Personal work | K13: Approved | L13: 46270 | M13: FALSE | N13: OK | O13: OK | P13: =TEXT(G13, "mmm") -> Sep
... A16: LR015 | B16: E006 | C16: James Wilson | D16: Finance | E16: Daniel Kim | F16: Casual Leave | G16: 46307 | H16: 46307 | I16: 1 | J16: Personal matter | K16: Rejected | L16: 46300 | M16: FALSE | N16: OK | O16: OK | P16: =TEXT(G16, "mmm") -> Oct

Sheet Leave_Balance
A1: Employee ID | B1: Employee Name | C1: Department | D1: Leave Type | E1: Total Leave | F1: Leave Taken | G1: Leave Balance | H1: Status
A2: EMP-101 | B2: Sarah Jenkins | C2: Human Resources | D2: Annual Leave | E2: 25 | F2: 18 | G2: =E2-F2 -> 7 | H2: =IF(G2<=4,"Low",IF(G2<=10,"Medium","Healthy")) -> Medium
A3: EMP-102 | B3: Michael Chang | C3: Engineering | D3: Annual Leave | E3: 24 | F3: 10 | G3: =E3-F3 -> 14 | H3: =IF(G3<=4,"Low",IF(G3<=10,"Medium","Healthy")) -> Healthy
A4: EMP-103 | B4: Ayesha Siddiqua | C4: Marketing | D4: Annual Leave | E4: 22 | F4: 20 | G4: =E4-F4 -> 2 | H4: =IF(G4<=4,"Low",IF(G4<=10,"Medium","Healthy")) -> Low
A5: EMP-104 | B5: David Miller | C5: Finance | D5: Annual Leave | E5: 25 | F5: 8 | G5: =E5-F5 -> 17 | H5: =IF(G5<=4,"Low",IF(G5<=10,"Medium","Healthy")) -> Healthy
A6: EMP-105 | B6: Rafiqul Islam | C6: Operations | D6: Annual Leave | E6: 20 | F6: 16 | G6: =E6-F6 -> 4 | H6: =IF(G6<=4,"Low",IF(G6<=10,"Medium","Healthy")) -> Low
A7: EMP-106 | B7: Jessica Taylor | C7: Product | D7: Annual Leave | E7: 24 | F7: 14 | G7: =E7-F7 -> 10 | H7: =IF(G7<=4,"Low",IF(G7<=10,"Medium","Healthy")) -> Medium
A8: EMP-107 | B8: Tanvir Hasan | C8: Customer Support | D8: Annual Leave | E8: 20 | F8: 18 | G8: =E8-F8 -> 2 | H8: =IF(G8<=4,"Low",IF(G8<=10,"Medium","Healthy")) -> Low
A9: EMP-108 | B9: Emily Watson | C9: Engineering | D9: Annual Leave | E9: 25 | F9: 6 | G9: =E9-F9 -> 19 | H9: =IF(G9<=4,"Low",IF(G9<=10,"Medium","Healthy")) -> Healthy
A10: EMP-109 | B10: Tariq Mahmood | C10: Sales | D10: Annual Leave | E10: 22 | F10: 12 | G10: =E10-F10 -> 10 | H10: =IF(G10<=4,"Low",IF(G10<=10,"Medium","Healthy")) -> Medium
A11: EMP-110 | B11: Nusrat Jahan | C11: Quality Assurance | D11: Annual Leave | E11: 20 | F11: 5 | G11: =E11-F11 -> 15 | H11: =IF(G11<=4,"Low",IF(G11<=10,"Medium","Healthy")) -> Healthy
A12: EMP-111 | B12: James Wilson | C12: IT Support | D12: Annual Leave | E12: 24 | F12: 22 | G12: =E12-F12 -> 2 | H12: =IF(G12<=4,"Low",IF(G12<=10,"Medium","Healthy")) -> Low
A13: EMP-112 | B13: Farhan Ahmed | C13: Operations | D13: Annual Leave | E13: 22 | F13: 15 | G13: =E13-F13 -> 7 | H13: =IF(G13<=4,"Low",IF(G13<=10,"Medium","Healthy")) -> Medium
... A18: EMP-117 | B18: Rachel Green | C18: Human Resources | D18: Annual Leave | E18: 25 | F18: 9 | G18: =E18-F18 -> 16 | H18: =IF(G18<=4,"Low",IF(G18<=10,"Medium","Healthy")) -> Healthy

Sheet Pivot_Analysis
A2: Department Analysis
A3: Department | B3: Total Requests | C3: Approved | D3: Pending | E3: Rejected | F3: Total Leave Days | G3: Approval Rate
A4: Finance | B4: =COUNTIF(Cleaned_Data!D$2:D$16, A4) -> 6 | C4: =COUNTIFS(Cleaned_Data!D$2:D$16, A4, Cleaned_Data!K$2:K$16, "Approved") -> 3 | D4: =COUNTIFS(Cleaned_Data!D$2:D$16, A4, Cleaned_Data!K$2:K$16, "Pending") -> 1 | E4: =COUNTIFS(Cleaned_Data!D$2:D$16, A4, Cleaned_Data!K$2:K$16, "Rejected") -> 2 | F4: =SUMIF(Cleaned_Data!D$2:D$16, A4, Cleaned_Data!I$2:I$16) -> 13 | G4: =IF(B4=0, 0, C4/B4) -> 0.5
A5: HR | B5: =COUNTIF(Cleaned_Data!D$2:D$16, A5) -> 2 | C5: =COUNTIFS(Cleaned_Data!D$2:D$16, A5, Cleaned_Data!K$2:K$16, "Approved") -> 2 | D5: =COUNTIFS(Cleaned_Data!D$2:D$16, A5, Cleaned_Data!K$2:K$16, "Pending") -> 0 | E5: =COUNTIFS(Cleaned_Data!D$2:D$16, A5, Cleaned_Data!K$2:K$16, "Rejected") -> 0 | F5: =SUMIF(Cleaned_Data!D$2:D$16, A5, Cleaned_Data!I$2:I$16) -> 4 | G5: =IF(B5=0, 0, C5/B5) -> 1
A6: IT | B6: =COUNTIF(Cleaned_Data!D$2:D$16, A6) -> 7 | C6: =COUNTIFS(Cleaned_Data!D$2:D$16, A6, Cleaned_Data!K$2:K$16, "Approved") -> 5 | D6: =COUNTIFS(Cleaned_Data!D$2:D$16, A6, Cleaned_Data!K$2:K$16, "Pending") -> 2 | E6: =COUNTIFS(Cleaned_Data!D$2:D$16, A6, Cleaned_Data!K$2:K$16, "Rejected") -> 0 | F6: =SUMIF(Cleaned_Data!D$2:D$16, A6, Cleaned_Data!I$2:I$16) -> 17 | G6: =IF(B6=0, 0, C6/B6) -> 0.71428571
A7: Grand Total | B7: =SUM(B4:B6) -> 15 | C7: =SUM(C4:C6) -> 10 | D7: =SUM(D4:D6) -> 3 | E7: =SUM(E4:E6) -> 2 | F7: =SUM(F4:F6) -> 34 | G7: =IF(B7=0, 0, C7/B7) -> 0.66666667
A10: Leave Type Analysis
A11: Leave Type | B11: Count of Requests | C11: Sum of Leave Days | D11: % of Total Days
A12: Annual Leave | B12: =COUNTIF(Cleaned_Data!F$2:F$16, A12) -> 6 | C12: =SUMIF(Cleaned_Data!F$2:F$16, A12, Cleaned_Data!I$2:I$16) -> 21 | D12: =IF(C$15=0, 0, C12/C$15) -> 0.61764706
A13: Casual Leave | B13: =COUNTIF(Cleaned_Data!F$2:F$16, A13) -> 5 | C13: =SUMIF(Cleaned_Data!F$2:F$16, A13, Cleaned_Data!I$2:I$16) -> 5 | D13: =IF(C$15=0, 0, C13/C$15) -> 0.14705882
A14: Sick Leave | B14: =COUNTIF(Cleaned_Data!F$2:F$16, A14) -> 4 | C14: =SUMIF(Cleaned_Data!F$2:F$16, A14, Cleaned_Data!I$2:I$16) -> 8 | D14: =IF(C$15=0, 0, C14/C$15) -> 0.23529412
A15: Grand Total | B15: =SUM(B12:B14) -> 15 | C15: =SUM(C12:C14) -> 34 | D15: =SUM(D12:D14) -> 1
A18: Status Analysis
A19: Status | B19: Count of Requests | C19: % of Total Requests | D19: Total Leave Days
A20: Approved | B20: =COUNTIF(Cleaned_Data!K$2:K$16, A20) -> 10 | C20: =IF(B$23=0, 0, B20/B$23) -> 0.66666667 | D20: =SUMIF(Cleaned_Data!K$2:K$16, A20, Cleaned_Data!I$2:I$16) -> 24
A21: Pending | B21: =COUNTIF(Cleaned_Data!K$2:K$16, A21) -> 3 | C21: =IF(B$23=0, 0, B21/B$23) -> 0.2 | D21: =SUMIF(Cleaned_Data!K$2:K$16, A21, Cleaned_Data!I$2:I$16) -> 8
A22: Rejected | B22: =COUNTIF(Cleaned_Data!K$2:K$16, A22) -> 2 | C22: =IF(B$23=0, 0, B22/B$23) -> 0.13333333 | D22: =SUMIF(Cleaned_Data!K$2:K$16, A22, Cleaned_Data!I$2:I$16) -> 2
A23: Grand Total | B23: =SUM(B20:B22) -> 15 | C23: =SUM(C20:C22) -> 1 | D23: =SUM(D20:D22) -> 34
A25: Monthly Trend
A26: Month | B26: Count of Requests | C26: Sum of Requested_Days
A27: May | B27: =COUNTIF(Cleaned_Data!P$2:P$16, A27) -> 1 | C27: =SUMIF(Cleaned_Data!P$2:P$16, A27, Cleaned_Data!I$2:I$16) -> 2
A28: Jun | B28: =COUNTIF(Cleaned_Data!P$2:P$16, A28) -> 1 | C28: =SUMIF(Cleaned_Data!P$2:P$16, A28, Cleaned_Data!I$2:I$16) -> 5
A29: Jul | B29: =COUNTIF(Cleaned_Data!P$2:P$16, A29) -> 1 | C29: =SUMIF(Cleaned_Data!P$2:P$16, A29, Cleaned_Data!I$2:I$16) -> 3
A30: Aug | B30: =COUNTIF(Cleaned_Data!P$2:P$16, A30) -> 3 | C30: =SUMIF(Cleaned_Data!P$2:P$16, A30, Cleaned_Data!I$2:I$16) -> 6
A31: Sep | B31: =COUNTIF(Cleaned_Data!P$2:P$16, A31) -> 5 | C31: =SUMIF(Cleaned_Data!P$2:P$16, A31, Cleaned_Data!I$2:I$16) -> 9
A32: Oct | B32: =COUNTIF(Cleaned_Data!P$2:P$16, A32) -> 3 | C32: =SUMIF(Cleaned_Data!P$2:P$16, A32, Cleaned_Data!I$2:I$16) -> 5
A33: Nov | B33: =COUNTIF(Cleaned_Data!P$2:P$16, A33) -> 1 | C33: =SUMIF(Cleaned_Data!P$2:P$16, A33, Cleaned_Data!I$2:I$16) -> 4
A34: Grand Total | B34: =SUM(B27:B33) -> 15 | C34: =SUM(C27:C33) -> 34

Sheet Dashboard
B2: ELMS LEAVE MANAGEMENT DASHBOARD
B3: Executive Overview & Workforce Leave Analytics
B4: Total Requests | E4: Pending Requests | G4: Approved Requests | I4: Rejected Requests | K4: Total Leave Days
B5: =COUNTA(Cleaned_Data!A2:A16) -> 15 | E5: =COUNTIF(Cleaned_Data!K2:K16, "Pending") -> 3 | G5: =COUNTIF(Cleaned_Data!K2:K16, "Approved") -> 10 | I5: =COUNTIF(Cleaned_Data!K2:K16, "Rejected") -> 2 | K5: =SUM(Cleaned_Data!I2:I16) -> 34
B26: BA Portfolio — Final Business Insights
B27: Key Insight Focus | D27: Detailed Business Observation & Analysis
B28: 1. Request Volume | D28: 1. The dataset contains 15 leave requests.
B29: 2. Approval Trend | D29: 2. Approved requests represent the majority of leave requests.
B30: 3. Department Utilization | D30: 3. IT and Finance departments have multiple leave requests and should be monitored for leave utilization.
B31: 4. Major Leave Type | D31: 4. Annual Leave is one of the major leave types used by employees.
B32: 5. Balance Sensitivity | D32: 5. Some employees have relatively lower remaining leave balances.
B33: 6. Monthly Seasonality | D33: 6. Monthly leave trends can help management identify periods with higher leave activity.
B34: 7. Manager SLA Action | D34: 7. Pending leave requests require manager action to avoid approval delays.
B35: 8. Workforce Planning | D35: 8. Leave data can support workforce planning and operational visibility.
